scenario,repetition,fastHandshake2,status,handshakeMs,ttfaMs,ttfdMs,m4RttMs
omnient,1,false,completed,247.85804748535156,393.73695850372314,393.8169479370117,142.67706871032715
omnient,1,true,completed,191.736102104187,333.8639736175537,382.0759057998657,131.82008266448975
omnient,2,false,completed,183.91001224517822,327.9529809951782,328.06897163391113,141.19303226470947
omnient,2,true,completed,173.32398891448975,183.30299854278564,232.75399208068848,138.71800899505615
omnient,3,false,completed,190.86909294128418,339.48397636413574,339.57695960998535,143.2260274887085
omnient,3,true,completed,183.59804153442383,203.58097553253174,255.81800937652588,145.1890468597412
omnient,4,false,completed,190.7479763031006,332.1809768676758,332.27598667144775,144.85299587249756
omnient,4,true,completed,185.47797203063965,332.6990604400635,381.6720247268677,146.9649076461792
omnient,5,false,completed,207.91101455688477,361.8290424346924,361.91701889038086,143.44096183776855
omnient,5,true,completed,195.73211669921875,352.30791568756104,401.76498889923096,149.61695671081543
omnient,6,false,completed,182.20996856689453,321.83098793029785,321.92301750183105,142.08006858825684
omnient,6,true,completed,181.19800090789795,182.1960210800171,229.65800762176514,140.65897464752197
omnient,7,false,completed,174.18599128723145,318.8130855560303,319.019079208374,132.38298892974854
omnient,7,true,completed,190.0860071182251,199.00000095367432,247.97093868255615,139.08493518829346
omnient,8,false,completed,182.58202075958252,328.40096950531006,328.5750150680542,150.01296997070312
omnient,8,true,completed,222.67389297485352,363.59500885009766,413.3780002593994,142.85802841186523
omnient,9,false,completed,178.99298667907715,322.6139545440674,322.79396057128906,144.8819637298584
omnient,9,true,completed,198.35901260375977,350.25298595428467,411.95905208587646,151.5580415725708
omnient,10,false,completed,194.0760612487793,339.00201320648193,339.2080068588257,140.39206504821777
omnient,10,true,completed,185.57202816009521,334.987998008728,384.6409320831299,145.58899402618408
